Model,R2,RMSE,MSE,MAE
XGBoost (tuned),0.391716673537168,0.5294101118452731,0.28027506652402456,0.3705847164223733
Random Forest (tuned),0.3706083729821742,0.5385174201404536,0.29000101179472976,0.3683343005565637
Ridge (baseline),0.29477453674043663,0.5700372922014981,0.32494251450041617,0.41826904012428057
