{
  "study_name": "pay_dispersion_xgboost_v4",
  "best_value": 0.9587603797300994,
  "best_params": {
    "learning_rate": 0.042561464244445936,
    "n_estimators": 80,
    "max_depth": 10,
    "subsample": 0.9072784723674941,
    "colsample_bytree": 0.521223036829936,
    "min_child_weight": 3.6817074894329673,
    "reg_lambda": 1.9418100260740556
  },
  "completed_trials": 50,
  "context": {
    "target": "log_pay_dispersion",
    "train_rows": 1288,
    "test_rows": 419,
    "raw_features": 9,
    "test_start_year": 2020
  }
}