Model,R2,RMSE,MSE,MAE
XGBoost (tuned),0.6342731089658357,0.8181882305722806,0.6694319806469995,0.5536352172708572
Random Forest (tuned),0.6328546059584377,0.81977340149804,0.6720284298036667,0.5382794071951827
Ridge (baseline),0.5486826231837869,0.9088993828438439,0.8260980881339202,0.6547681387313096
